date,Bangladesh,Brazil,Indonesia,Malaysia,Maldives,Mali,Malta,Mauritania,Mauritius,Mexico,Moldova,Monaco,Mongolia,Montenegro,Montserrat,Morocco,Mozambique,Myanmar,Namibia,Nepal,Netherlands,New Caledonia,New Zealand,Nicaragua,Niger,Nigeria,Northern Mariana Islands,Norway,Oman,Pakistan,Palestine,Panama,Papua New Guinea,Paraguay,Peru,Philippines,Poland,Portugal,Puerto Rico,Qatar
22/01/20,,,,,,,,,,1,,,,,,,,,,,,,,,,,,,,,,,,,,,,,,
23/01/20,,,,,,,,,,1,,,,,,,,,,,,,,,,,,,,,,,,,,,,,,
24/01/20,,,,,,,,,,1,,,,,,,,,,,,,,,,,,,,,,,,,,,,,,
25/01/20,,,,3,,,,,,1,,,,,,,,,,1,,,,,,,,,,,,,,,,,,,,
26/01/20,,,,4,,,,,,1,,,,,,,,,,1,,,,,,,,,,,,,,,,,,,,
27/01/20,,,,4,,,,,,1,,,,,,,,,,1,,,,,,,,,,,,,,,,,,,,
28/01/20,,,,4,,,,,,1,,,,,,,,,,1,,,,,,,,,,,,,,,,,,,,
29/01/20,,,,7,,,,,,1,,,,,,,,,,1,,,,,,,,,,,,,,,,,,,,
30/01/20,,,,7,,,,,,2,,,,,,,,,,1,,,,,,,,,,,,,,,,1,,,,
31/01/20,,,,8,,,,,,2,,,,,,,,,,1,,,,,,,,,,,,,,,,1,,,,
01/02/20,,,,8,,,,,,2,,,,,,,,,,1,,,,,,,,,,,,,,,,1,,,,
02/02/20,,,,8,,,,,,2,,,,,,,,,,1,,,,,,,,,,,,,,,,2,,,,
03/02/20,,,,8,,,,,,2,,,,,,,,,,1,,,,,,,,,,,,,,,,2,,,,
04/02/20,,,,8,,,,,,2,,,,,,,,,,1,,,,,,,,,,,,,,,,2,,,,
05/02/20,,,,10,,,,,,2,,,,,,,,,,1,,,,,,,,,,,,,,,,2,,,,
06/02/20,,,,12,,,,,,2,,,,,,,,,,1,,,,,,,,,,,,,,,,3,,,,
07/02/20,,,,14,,,,,,2,,,,,,,,,,1,,,,,,,,,,,,,,,,3,,,,
08/02/20,,,,15,,,,,,2,,,,,,,,,,1,,,,,,,,,,,,,,,,3,,,,
09/02/20,,,,16,,,,,,2,,,,,,,,,,1,,,,,,,,,,,,,,,,3,,,,
10/02/20,,,,18,,,,,,2,,,,,,,,,,1,,,,,,,,,,,,,,,,3,,,,
11/02/20,,,,18,,,,,,3,,,,,,,,,,1,,,,,,,,,,,,,,,,3,,,,
12/02/20,,,,18,,,,,,3,,,,,,,,,,1,,,,,,,,,,,,,,,,3,,,,
13/02/20,,,,18,,,,,,3,,,,,,,,,,1,,,,,,,,,,,,,,,,3,,,,
14/02/20,,,,19,,,,,,3,,,,,,,,,,1,,,,,,,,,,,,,,,,3,,,,
15/02/20,,,,21,,,,,,3,,,,,,,,,,1,,,,,,,,,,,,,,,,3,,,,
16/02/20,,,,22,,,,,,3,,,,,,,,,,1,,,,,,,,,,,,,,,,3,,,,
17/02/20,,,,22,,,,,,3,,,,,,,,,,1,,,,,,,,,,,,,,,,3,,,,
18/02/20,,,,22,,,,,,3,,,,,,,,,,1,,,,,,,,,,,,,,,,3,,,,
19/02/20,,,,22,,,,,,3,,,,,,,,,,1,,,,,,,,,,,,,,,,3,,,,
20/02/20,,,,22,,,,,,3,,,,,,,,,,1,,,,,,,,,,,,,,,,3,,,,
21/02/20,,,,22,,,,,,3,,,,,,,,,,1,,,,,,,,,,,,,,,,3,,,,
22/02/20,,,,22,,,,,,3,,,,,,,,,,1,,,,,,,,,,,,,,,,3,,,,
23/02/20,,,,22,,,,,,4,,,,,,,,,,1,,,,,,,,,,,,,,,,3,,,,
24/02/20,,,,22,,,,,,4,,,,,,,,,,1,,,,,,,,,,,,,,,,3,,,,
25/02/20,,,,22,,,,,,6,,,,,,,,,,1,,,,,,,,,2,,,,,,,3,,,,
26/02/20,,1,,22,,,,,,6,,,,,,,,,,1,,,,,,,,,4,,,,,,,3,,,,
27/02/20,,1,,22,,,,,,6,,,,,,,,,,1,,,,,,,,1,4,2,,,,,,3,,,,
28/02/20,,1,,23,,,,,,11,,,,,,,,,,1,1,,1,,,1,,4,6,2,,,,,,3,,,,
29/02/20,,1,,25,,,,,,14,,1,,,,,,,,1,2,,1,,,1,,6,6,2,,,,,,3,,,,
01/03/20,,2,,25,,,,,,15,,1,,,,,,,,1,7,,1,,,1,,15,6,4,,,,,,3,,,,1
02/03/20,,2,2,29,,,,,,15,,1,,,,,,,,1,13,,1,,,1,,19,6,4,,,,,,3,,,,3
03/03/20,,2,,,,,,,,16,,,,,,1,,,,,18,,,,,,,25,7,,,,,,,,,2,,
04/03/20,,2,,36,,,,,,19,,,,,,,,,,,28,,2,,,,,33,,5,,,,,,,1,4,,8
05/03/20,,3,,50,,,,,,22,,,,,,,,,,,38,,3,,,,,56,15,,,,,,,,,5,,
06/03/20,,8,,50,,,,,,24,,,,,,2,,,,,82,,4,,,,,86,16,,7,,,,,,,9,,
07/03/20,,13,4,83,,,1,,,24,,,,,,,,,,,128,,5,,,,,113,,6,16,,,,1,5,5,13,,11
08/03/20,,13,,93,2,,1,,,25,1,,,,,,,,,,188,,,,,,,147,,,19,,,1,,6,6,21,,12
09/03/20,3,25,6,99,4,,3,,,29,,,,,,,,,,,265,,,,,,,169,,,,,,,7,10,11,30,,15
10/03/20,,25,,117,,,3,,,31,,,1,,,,,,,,321,,,,,2,,192,18,16,20,1,,,9,33,17,39,,18
11/03/20,,34,19,129,6,,5,,,42,3,,,,,,,,,,382,,,,,,,277,18,16,29,7,,5,11,33,22,41,,24
12/03/20,,52,34,149,8,,6,,,70,4,,,,,5,,,,,503,,,,,,,489,,20,30,14,,,17,49,31,59,,262
13/03/20,,77,,158,,,7,,,98,6,,,,,6,,,,,614,,,,,,,621,,21,,27,,6,22,52,49,78,,
14/03/20,,98,69,197,9,,8,,,159,8,,,,,7,,,,,804,,6,,,,,621,20,21,35,36,,7,38,64,68,112,,320
15/03/20,3,121,96,238,9,,18,1,,209,20,7,1,,,18,,,2,1,959,,8,,,2,,907,20,30,38,43,,,43,111,104,169,,337
16/03/20,,200,117,428,13,,19,1,,245,23,9,,,,28,,,2,,1135,,,,,2,,1077,22,31,38,43,,8,71,140,125,245,,401
17/03/20,5,234,134,553,13,,30,1,,314,29,9,,,,37,,,2,1,1413,,,,,2,,1169,24,187,39,69,,9,86,142,177,331,,439
18/03/20,8,291,172,673,13,,38,1,,411,30,9,4,2,,44,,,2,1,1705,,20,,,3,,1308,24,187,41,86,,11,117,187,238,448,,442
19/03/20,10,428,172,790,13,,48,1,,516,36,9,5,8,,54,,,2,1,2051,,28,1,,8,,1423,39,302,44,109,,11,145,202,287,642,,452
20/03/20,10,621,227,900,13,,52,2,3,664,49,12,5,13,,63,,,2,1,2460,,39,1,,8,,1552,39,478,47,137,,13,234,230,355,785,,460
21/03/20,17,904,309,1030,13,,64,2,12,782,66,18,6,14,1,86,,,3,1,2994,2,53,2,1,12,,1742,48,495,48,200,1,18,263,230,425,1020,,470
22/03/20,24,1128,450,1183,13,,73,2,14,850,80,18,10,14,1,96,,,3,1,3631,4,66,2,1,22,,1926,52,646,52,245,1,22,318,380,536,1280,,481
23/03/20,27,1546,514,1306,13,,90,2,28,899,94,20,10,21,1,115,1,,3,1,4204,5,102,2,1,30,,2132,55,784,59,313,1,22,363,380,634,1600,,494
24/03/20,33,1891,579,1518,13,,107,2,36,1034,109,22,10,27,1,134,1,2,3,2,4749,7,142,2,2,40,,2371,66,887,59,345,1,27,395,462,749,2060,,501
25/03/20,39,2201,686,1624,13,,114,2,42,1222,125,23,10,47,1,170,1,3,3,3,5560,9,189,2,7,44,,2566,84,991,60,443,1,37,416,552,901,2362,,526
26/03/20,39,2433,790,1796,13,2,129,2,48,1377,149,23,10,53,1,225,5,3,4,3,6412,14,262,2,7,51,,2916,99,1057,62,588,1,41,558,636,1051,2995,,537
27/03/20,48,2915,893,2031,13,4,134,3,81,1580,177,26,11,67,5,275,7,5,8,3,7431,15,338,2,10,65,,3156,109,1197,84,674,1,52,580,707,1221,3544,,549
28/03/20,48,3417,1046,2161,14,4,139,3,94,1803,199,32,11,75,5,345,7,5,8,3,8603,15,416,2,10,81,,3581,131,1197,91,786,1,56,635,803,1389,4268,64,562
29/03/20,48,3904,1155,2320,16,9,149,5,102,1974,231,33,12,84,5,358,8,8,8,5,9762,15,476,4,10,97,,3845,152,1408,97,901,1,59,671,1075,1638,5170,100,590
30/03/20,49,4256,1285,2470,17,18,151,5,110,2120,263,35,12,85,5,479,8,8,11,5,10866,15,552,4,10,97,,4102,167,1526,106,989,1,64,852,1418,1862,5962,127,634
31/03/20,49,4579,1414,2626,17,18,156,5,128,2446,298,36,12,91,5,556,8,14,11,5,11750,16,647,4,20,131,2,4226,179,1625,115,1075,1,65,950,2084,2055,6408,174,693
01/04/20,51,5717,1528,2766,18,18,169,5,143,2732,353,37,12,109,,617,8,15,11,5,12595,16,647,4,20,131,6,4447,192,2039,117,1181,1,69,1065,2084,2311,7443,239,781
02/04/20,54,6836,1677,2908,19,28,188,5,154,3069,423,40,14,123,5,654,10,16,13,5,13614,16,723,5,74,151,6,4665,210,2291,134,1317,1,69,1323,2311,2554,8251,286,835
03/04/20,56,7910,1790,3116,19,36,195,6,169,3390,505,43,14,144,5,708,10,20,13,5,14697,16,772,5,74,174,8,4935,231,2291,155,1475,1,77,1414,2633,2946,9034,316,949
04/04/20,61,9056,1986,3333,19,39,202,6,186,3737,591,47,14,174,5,708,10,20,14,6,15723,18,824,5,98,190,8,5208,231,2291,155,1673,1,96,1595,3018,3383,9886,378,949
05/04/20,70,10278,2092,3483,19,41,213,6,196,3966,752,48,14,201,6,919,10,21,14,6,16627,18,872,5,120,210,8,5510,277,2450,,1801,1,104,1746,3094,3627,10524,452,1325
06/04/20,88,11130,2273,3662,19,45,227,6,227,4203,864,51,14,214,6,1021,10,21,16,9,17851,18,911,5,184,232,8,5640,298,3277,217,1988,1,113,2281,3246,4102,11278,475,1604
07/04/20,123,12056,2491,3793,19,47,241,6,244,4776,965,52,15,233,6,1120,10,22,16,9,18803,18,943,6,253,238,8,5755,371,3864,253,2100,1,113,2561,3660,4413,11730,513,1832
08/04/20,164,13717,2738,3963,19,56,293,6,268,5249,1056,54,15,241,6,1184,10,22,16,9,19580,18,969,6,278,254,8,5863,419,4072,260,2249,2,115,2954,3764,4848,12442,573,2057
09/04/20,218,15927,2956,4119,19,59,299,6,273,5783,1174,54,16,249,9,1275,17,22,16,9,20549,18,992,6,342,276,11,6010,419,4322,263,2528,2,124,4342,3870,5205,13141,620,2210
10/04/20,330,17857,3293,4228,19,59,337,7,314,6212,1289,57,16,252,9,1374,17,27,16,9,21762,18,1015,6,410,288,11,6160,457,4601,263,2752,2,129,5256,4076,5575,13956,683,2376
11/04/20,424,19638,3512,4346,19,87,350,7,318,6726,1438,63,16,257,9,1448,20,28,16,9,23097,18,1035,7,438,305,11,6244,484,4788,266,2974,2,133,5897,4076,5955,15472,725,2512
12/04/20,482,20727,3842,4530,19,105,370,7,319,7152,1560,63,16,263,9,1545,20,31,16,9,24413,18,1049,7,491,318,11,6320,546,5038,268,3234,2,134,6848,4428,6356,15987,788,2728
13/04/20,621,22169,4241,4683,20,116,378,7,324,7589,1662,64,16,272,11,1661,21,41,16,12,25587,18,1064,9,529,323,11,6415,599,5374,268,3400,2,147,7519,4648,6674,16585,897,2979
14/04/20,803,23430,4557,4817,20,123,384,7,324,8477,1712,64,16,274,11,1763,27,62,16,14,26551,18,1072,9,548,343,11,6488,813,5716,268,3472,2,159,7519,4932,6934,16934,903,3231
15/04/20,1012,25262,4839,4987,21,144,393,7,324,9343,1934,64,30,283,11,1888,28,74,16,16,27419,18,1078,9,570,373,13,6566,910,5988,287,3574,2,161,10303,5223,7202,17448,923,3428
16/04/20,1231,28320,5136,5072,21,148,399,7,324,10255,2049,64,30,288,11,2024,29,74,16,16,28153,18,1084,9,584,407,13,6677,910,6505,291,3751,2,174,11475,5453,7582,18091,974,3711
17/04/20,1572,30425,5516,5182,25,171,412,7,324,11194,2154,64,31,303,11,2283,31,85,16,16,29214,18,1086,9,609,442,13,6791,1019,7025,294,4016,7,174,12491,5660,7918,18841,1043,4103
18/04/20,1838,33682,5923,5251,29,190,422,7,324,12270,2264,65,31,303,11,2564,34,94,16,30,30449,18,1094,9,627,493,14,6791,1069,7481,307,4210,7,202,13489,5878,8379,19022,1068,4663
19/04/20,2144,36599,6248,5305,35,216,426,7,325,13025,2351,65,31,307,11,2685,35,107,16,31,31589,18,1098,9,639,542,14,6984,1180,7993,313,4273,7,202,14420,6087,8742,19685,1118,5008
20/04/20,2456,38654,6575,5389,52,224,427,7,328,13730,2472,65,32,308,11,2855,39,111,16,31,32655,18,1105,9,648,627,14,7068,1266,8418,322,4467,7,206,15628,6259,9287,20206,1213,5448
21/04/20,2948,40581,6760,5425,69,246,431,7,328,15162,2548,65,34,312,11,3046,39,119,16,31,33405,18,1107,9,655,665,14,7113,1508,9216,329,4658,7,208,16325,6459,9593,20863,1252,6015
22/04/20,3382,43079,7135,5482,85,258,443,7,328,16547,2614,65,35,313,11,3209,39,121,16,42,34134,18,1112,10,655,782,14,7166,1508,9749,329,4821,7,213,17837,6599,9856,21379,1252,6533
23/04/20,3772,45757,7418,5532,85,293,444,7,329,17850,2778,65,35,315,11,3377,41,127,16,45,34842,18,1112,10,662,873,14,7250,1614,9749,335,4992,8,213,19250,6710,10169,21982,1252,7141
24/04/20,4186,49492,7775,5603,110,309,444,7,331,19241,2926,65,36,319,11,3568,46,132,16,48,35729,18,1114,10,671,981,14,7345,1716,11155,336,5166,8,220,20914,6981,10511,22353,1252,7764
25/04/20,4689,52995,8211,5691,128,325,446,7,331,20838,3110,65,36,319,11,3758,65,144,16,49,36535,18,1117,11,681,1095,14,7408,1790,11940,340,5338,8,223,21648,7192,10892,23271,1276,8525
26/04/20,4998,58509,8607,5742,137,370,447,7,331,21873,3304,65,38,320,11,3897,70,146,16,49,37190,18,1121,12,684,1182,14,7467,1905,12723,342,5538,8,228,25331,7294,11273,23683,1307,9358
27/04/20,5416,61888,8882,5780,214,389,449,7,332,22865,3408,65,38,321,11,4065,76,146,16,52,37845,18,1122,13,696,1273,14,7505,1998,13328,495,5779,8,228,27517,7579,11617,23846,1371,10287
28/04/20,5913,66501,9096,5820,214,408,449,7,332,24670,3481,66,38,321,11,4120,76,146,16,52,38245,18,1124,13,701,1337,14,7533,2049,14079,495,6021,8,230,28699,7777,11902,24144,1389,11244
29/04/20,6462,71886,9511,5851,245,424,457,7,332,26467,3638,66,38,321,11,4252,76,150,16,54,38416,18,1126,13,709,1532,14,7605,2131,14885,495,6200,8,239,31190,7958,12218,24324,1400,11921
30/04/20,7103,78162,9771,5945,277,482,462,7,332,28222,3771,66,38,322,11,4321,76,150,16,57,38802,18,1129,14,713,1728,14,7667,2274,15759,507,6378,8,249,33931,8212,12640,24692,1433,12564
01/05/20,7667,85380,10118,6002,468,490,464,8,332,29987,3897,66,38,322,11,4423,76,151,16,57,39316,18,1132,14,719,1932,14,7710,2348,16817,507,6532,8,266,36976,8488,12877,24987,1539,13409
02/05/20,8238,91589,10551,6071,491,508,466,8,332,31366,3980,66,39,322,11,4569,79,151,16,59,39791,18,1134,14,728,2170,14,7759,2447,18114,517,6720,8,333,40459,8772,13105,25351,1575,14096
03/05/20,8790,96559,10843,6176,519,544,467,8,332,32718,4052,66,39,322,11,4729,79,151,16,59,40236,18,1136,14,736,2388,14,7759,2483,19103,517,7090,8,370,42534,8928,13375,25190,1757,14872
04/05/20,9455,101147,11192,6298,527,563,476,8,332,33959,4121,66,40,322,11,4903,80,155,16,75,40571,18,1137,14,750,2558,14,7809,2568,20186,522,7197,8,396,45928,9223,13693,25524,1808,15551
05/05/20,10143,107780,11587,6353,551,580,479,8,332,36466,4248,66,41,323,11,5043,80,161,16,82,40770,18,1137,15,755,2802,14,7847,2637,21501,524,7387,8,415,47372,9485,14006,25524,1843,16191
06/05/20,10929,114715,12071,6383,573,612,480,8,332,38548,4363,66,41,324,11,5219,81,161,16,82,41087,18,1138,16,763,2950,14,7903,2735,22550,538,7523,8,431,51189,9684,14431,25702,1924,17142
07/05/20,11719,125218,12438,6428,617,631,483,8,332,40813,4476,66,41,324,11,5408,81,162,16,99,41319,18,1139,16,770,3145,15,7953,2903,24073,546,7731,8,440,54817,10004,14740,26182,1968,17972
08/05/20,12425,135106,12776,6467,642,650,485,8,332,43187,4605,66,42,324,11,5548,81,176,16,101,41774,18,1141,16,781,3526,15,7995,2958,25837,547,7868,8,462,58526,10343,15047,26715,2031,18890
09/05/20,13134,145328,13112,6535,644,668,488,8,332,45580,4728,66,42,324,11,5711,82,177,16,101,42093,18,1142,16,795,3912,15,8034,3112,27474,547,8070,8,563,61847,10463,15366,27268,2156,20201
10/05/20,13770,155939,13645,6589,790,692,489,8,332,47093,4867,66,42,324,11,5910,87,178,16,109,42382,18,1144,16,815,4151,16,8069,3224,29465,547,8282,8,689,65015,10610,15651,27406,2173,21331
11/05/20,14657,162699,14032,6656,835,704,495,8,332,48495,4927,66,42,324,11,6063,91,180,16,120,42627,18,1147,16,821,4399,16,8099,3399,30941,547,8448,8,713,67307,10794,15996,27581,2198,22520
12/05/20,15691,168331,14265,6726,897,712,502,8,332,51437,4995,66,42,324,11,6281,103,180,16,134,42788,18,1147,16,832,4641,19,8106,3574,32081,547,8616,8,724,68822,11086,16326,27679,2256,23623
13/05/20,16660,177589,14749,6742,904,730,505,8,332,54340,5154,66,42,324,11,6418,104,180,16,217,42984,18,1147,25,854,4787,19,8135,3721,34336,547,8783,8,737,72059,11350,16921,27913,2299,25149
14/05/20,17822,188974,15438,6779,955,758,507,9,332,57435,5406,66,61,324,11,6512,107,181,16,219,43211,18,1147,25,860,4971,19,8158,4019,35788,548,8944,8,740,76306,11618,17204,28132,2329,26539
15/05/20,18863,202918,16006,6819,982,779,521,16,332,60485,5553,66,61,324,11,6607,115,181,16,258,43481,18,1148,25,876,5162,19,8175,4341,37218,548,9118,8,754,80604,11876,17615,28319,2427,28272
16/05/20,20065,218223,16496,6855,1031,806,531,29,332,63934,5745,66,135,324,11,6652,119,182,16,276,43681,18,1148,25,885,5445,19,8197,4625,38799,554,9268,8,759,84495,12091,18016,28583,2542,29425
17/05/20,20995,233142,17025,6872,1078,835,545,29,332,66085,5934,66,136,324,11,6741,129,182,16,291,43870,18,1149,25,889,5621,21,8197,5029,40151,554,9449,8,778,88541,12305,18257,28810,2589,30972
18/05/20,22268,241080,17514,6894,1094,860,552,62,332,67708,6060,66,140,324,11,6870,137,187,16,304,43995,18,1149,25,904,5959,21,8197,5186,42125,560,9606,8,786,92273,12513,18529,29036,2646,32604
19/05/20,23870,254220,18010,6941,1106,874,557,81,332,71706,6138,67,140,324,11,6952,145,191,16,375,44141,18,1153,25,909,6175,21,8249,5379,43966,567,9726,8,788,94933,12718,18885,29209,2710,33969
20/05/20,25121,271628,18496,6978,1143,901,568,81,332,75253,6340,67,140,324,11,7023,146,193,16,402,44249,18,1153,25,914,6401,21,8257,5671,45898,570,9867,8,829,99483,12942,19268,29432,2805,35606
21/05/20,26738,291579,19189,7009,1186,931,583,131,332,79147,6553,67,140,324,11,7133,156,199,16,444,44447,18,1153,25,920,6677,22,8268,6043,48091,577,9977,8,833,104020,13221,19739,29660,2866,37097
22/05/20,28511,310087,20162,7059,1216,947,598,173,332,83125,6704,67,141,324,11,7211,162,199,18,487,44700,18,1154,25,924,7016,22,8268,6370,50694,602,10116,8,836,108769,13434,20143,29912,2913,38651
23/05/20,30205,330890,20796,7137,1274,969,599,173,332,87088,6847,67,141,324,11,7332,164,201,19,548,44888,18,1154,279,937,7261,22,8309,6794,52437,602,10267,8,838,111698,13597,20619,30200,3030,40481
24/05/20,32078,347398,21745,7185,1303,1015,608,227,332,89344,6994,67,141,324,11,7406,168,201,20,584,45064,18,1154,279,943,7526,22,8309,7257,54601,602,10577,8,850,115754,13777,20931,30471,3100,42213
25/05/20,33610,363211,22271,7245,1371,1030,609,237,334,91205,7093,67,141,324,11,7433,194,201,21,603,45236,18,1154,279,945,7839,22,8309,7770,56349,602,10926,8,862,119959,14035,21326,30623,3189,43714
26/05/20,35585,374898,22750,7417,1395,1059,610,237,334,95798,7147,67,141,324,11,7532,209,203,21,682,45445,18,1154,279,951,8068,22,8352,7770,57705,602,11183,8,865,123979,14319,21631,30788,3260,45465
27/05/20,36751,391222,23165,7604,1438,1077,610,262,334,100112,7305,67,148,324,11,7577,213,206,21,772,45578,18,1154,759,952,8344,22,8364,8118,59151,605,11447,8,877,129751,14669,22074,31007,3324,47207
28/05/20,38292,411821,23851,7619,1457,1116,611,292,334,104569,7537,67,161,324,11,7601,227,206,22,886,45768,18,1154,759,955,8733,22,8383,8373,61227,613,11728,8,884,135905,15049,22473,31292,3397,48947
29/05/20,40321,438238,24538,7629,1513,1194,615,292,334,108772,7725,67,179,324,11,7643,233,206,22,1042,45950,19,1154,759,955,8915,22,8401,9009,64028,625,12131,8,900,141779,15588,22825,31596,3486,50914
30/05/20,42844,465166,25216,7732,1591,1226,615,423,335,113116,7896,67,179,324,11,7714,234,224,23,1212,46126,19,1154,759,955,9302,22,8411,9820,66457,625,12531,8,917,148285,16634,23155,31946,3647,52907
31/05/20,44608,498440,25773,7762,1672,1250,617,483,335,115829,8098,67,179,324,11,7780,244,224,23,1401,46257,19,1154,759,956,9855,22,8411,10423,69496,626,13018,8,964,155671,17224,23571,32203,3718,55262
01/06/20,47153,514849,26473,7819,1773,1265,617,530,335,117890,8251,67,185,324,11,7807,254,228,24,1572,46442,19,1154,759,958,10162,22,8411,11437,72460,627,13463,8,986,164476,18086,23786,32500,3776,56910
02/06/20,49534,526447,26940,7857,1829,1315,618,530,335,123139,8360,67,185,324,11,7833,254,228,25,1798,46545,20,1154,759,958,10578,22,8411,12223,76398,628,13837,8,995,170039,18638,24165,32700,3873,58433
03/06/20,52445,555383,27549,7877,1841,1351,619,668,335,127855,8548,67,185,324,11,7866,307,233,25,2099,46647,20,1154,1118,960,10819,23,8446,12799,80463,630,14095,8,1013,170039,18997,24395,32895,3935,60259
04/06/20,55140,584016,28233,7970,1850,1351,621,668,335,132771,8795,67,186,324,11,7922,316,234,25,2300,46733,20,1154,1118,961,11166,24,8446,13537,85264,635,14609,8,1070,178914,19748,24687,33261,4023,62160
05/06/20,57563,614932,28818,7970,1872,1461,621,784,335,137641,9018,67,191,324,11,8003,352,236,25,2634,46942,20,1154,1118,963,11516,26,8477,14316,89249,643,15044,8,1086,183198,20382,25048,33592,4508,63741
06/06/20,60391,645762,29521,8266,1883,1485,624,883,337,142654,9247,67,191,324,11,8071,354,236,25,2912,47152,20,1154,1118,966,11844,26,8504,15086,93983,643,15463,8,1087,187400,20626,25419,33969,4620,65495
07/06/20,63026,672837,30514,8303,1901,1523,626,947,337,145637,9511,67,193,324,11,8132,411,240,29,2912,47335,20,1154,1309,970,12233,27,8504,16016,98943,643,16004,8,1090,191758,21340,25986,34351,4915,67195
08/06/20,65769,691758,31186,8322,1903,1533,628,947,337,147960,9700,67,194,324,11,8224,426,243,29,3448,47574,20,1154,1309,973,12486,27,8504,16882,103671,651,16425,8,1135,196515,21895,26561,34493,4985,68790
09/06/20,68504,707412,32033,8329,1916,1547,629,947,337,154088,9807,67,194,324,11,8302,433,244,31,3762,47739,20,1154,1309,973,12801,28,8547,17486,108317,652,16854,8,1145,199696,22474,27160,34885,5046,70158
10/06/20,71675,739503,33076,8336,1942,1586,631,1162,337,159821,10025,67,194,324,11,8437,453,246,31,4085,47903,21,1154,1309,974,13464,30,8563,18198,113702,661,17233,8,1187,203736,22992,27560,35306,5185,71879
11/06/20,74865,772416,34316,8338,1962,1667,634,1162,337,165511,10321,67,194,324,11,8455,472,249,31,4364,48087,21,1154,1464,974,13873,30,8576,18887,119536,665,17889,8,1202,208823,23732,27757,35600,5329,73595
12/06/20,78052,802828,35295,8369,1976,1722,639,1162,337,170874,10727,67,197,324,11,8537,489,261,31,4614,48251,21,1154,1464,974,14554,30,8594,19954,125933,667,18586,8,1230,214788,24175,28201,35910,5352,75071
13/06/20,81523,828810,36406,8402,2003,1752,644,1439,337,176460,11093,67,197,324,11,8610,509,261,31,5062,48461,21,1154,1655,978,15181,30,8606,21071,132405,669,19211,8,1254,220749,24787,28577,36180,5536,76588
14/06/20,84379,850514,37420,8445,2013,1776,645,1439,337,179511,11459,67,197,324,11,8692,553,261,32,5335,48640,21,1154,1655,980,15682,30,8606,22077,139230,673,20059,8,1261,225132,25392,29017,36463,5690,78416
15/06/20,87520,867624,38277,8453,2035,1809,647,1783,337,182078,11740,67,197,325,11,8734,583,262,32,5760,48783,21,1154,1655,980,16085,30,8606,23481,144478,673,20686,8,1289,229736,25930,29392,36690,5811,79602
16/06/20,90619,888271,39294,8494,2065,1860,649,1887,337,188602,11879,67,197,326,11,8838,609,262,32,6211,48948,21,1156,1655,980,16658,30,8631,24524,148921,686,21422,8,1289,232992,26420,29788,37036,5890,80876
17/06/20,94481,923189,40400,8505,2094,1885,655,2057,337,194976,12254,67,197,326,11,8921,638,262,34,6591,49087,21,1156,1823,1016,17148,30,8631,25269,154760,690,21962,8,1303,237156,26781,30195,37336,5951,82077
18/06/20,98489,955377,41431,8515,2120,1890,661,2057,337,201070,12732,67,201,333,11,8997,651,263,36,7177,49204,21,1157,2014,1020,17735,30,8660,26079,160118,701,22597,8,1308,240908,27238,30701,37672,6003,83174
19/06/20,102292,978142,42762,8529,2137,1906,662,2223,337,207092,13106,67,204,337,11,9074,662,286,39,7848,49319,21,1157,2014,1020,18480,30,8692,26818,165062,795,23351,8,1330,244388,27799,31015,38089,6111,84441
20/06/20,105535,1032913,43803,8535,2150,1923,662,2223,337,213165,13556,67,204,355,11,9613,668,286,45,8274,49426,21,1159,2014,1020,19147,30,8692,27670,171666,858,24274,8,1336,247925,28459,31316,38464,6111,85462
21/06/20,108775,1067579,45029,8556,2187,1933,663,2813,337,216701,13953,67,206,359,11,9801,688,287,46,8605,49502,21,1161,2014,1035,19808,30,8708,28566,176617,979,25222,8,1362,251338,29400,31620,38841,6463,86488
22/06/20,112306,1085038,45891,8572,2203,1961,664,2813,337,219132,14200,68,213,362,11,9977,733,290,55,9026,49593,21,1163,2014,1036,20244,30,8708,29471,181088,1022,26030,9,1379,254936,30052,31931,39133,6525,87369
23/06/20,115786,1106470,46845,8587,2217,1961,664,2984,340,225964,14363,68,215,367,11,10172,737,291,63,9026,49658,21,1165,2014,1046,20919,30,8745,31076,185034,1196,26752,9,1392,254936,30682,32227,39392,6564,88403
24/06/20,119198,1145906,47896,8590,2238,1978,664,2984,340,232538,14714,68,215,378,11,10264,757,292,72,9026,49722,21,1166,2170,1051,21371,30,8751,32394,188926,1375,27314,9,1422,260810,31825,32527,39737,6685,89579
25/06/20,122660,1188631,49009,8596,2261,2001,664,3292,341,238802,15078,69,216,389,11,10907,762,293,76,10728,49804,21,1169,2170,1056,22020,30,8777,33536,192970,1534,28030,10,1528,264689,32295,32821,40104,6820,90778
26/06/20,126606,1228114,50187,8600,2277,2007,667,3739,341,245033,15453,69,219,414,11,11338,788,293,81,11162,49914,21,1170,2170,1059,22614,30,8793,34902,195745,1588,29037,11,1569,268602,33069,33119,40415,6877,91838
27/06/20,130474,1274974,51427,8606,2283,2039,669,3739,341,251502,15776,69,219,439,11,11633,816,293,121,11755,50005,21,1172,2170,1062,23298,30,8815,36034,198883,1795,29905,11,1711,272364,34073,33395,40866,6922,92784
28/06/20,133978,1313667,52812,8616,2305,2118,669,3907,341,255131,16080,70,219,469,11,11877,839,296,121,11755,50074,21,1176,2170,1068,24077,30,8815,36953,202955,2053,30658,11,1942,275989,34803,33714,41189,7066,93663
29/06/20,137787,1344143,54010,8634,2323,2147,669,3907,341,258048,16250,70,220,481,11,12052,859,299,183,12772,50147,21,1178,2170,1074,24567,30,8815,38150,206512,2248,31686,11,2127,279419,35455,33907,41646,7189,94413
30/06/20,141801,1368195,55092,8637,2336,2173,669,4149,341,265510,16357,70,220,501,11,12290,883,299,196,13248,50223,21,1178,2170,1075,25133,30,8855,39060,209337,2443,32785,11,2191,282365,36438,34154,41912,7250,95106
01/07/20,145483,1402041,56385,8639,2361,2181,669,4149,341,272653,16613,70,220,548,11,12533,889,299,203,13564,50273,21,1178,2519,1075,25694,30,8865,40070,213470,2765,33550,11,2221,285213,37514,34393,42141,7465,96088
02/07/20,149258,1448753,57770,8640,2382,2202,670,4149,341,280196,16898,70,220,576,11,12636,903,304,285,14046,50335,21,1180,2519,1075,26484,30,8887,41194,217809,3095,34463,11,2260,288477,38511,34775,42454,7537,97003
03/07/20,153277,1496858,59394,8643,2400,2260,670,4472,341,287196,17150,73,220,616,11,12969,918,304,293,14519,50412,21,1180,2519,1081,27110,31,8895,42555,221896,3417,35237,11,2303,292004,38805,35146,42782,7608,97897
04/07/20,156391,1539081,60695,8648,2410,2285,671,4472,341,294212,17445,73,220,663,11,13288,939,306,350,15259,50487,21,1180,2519,1082,27564,31,8895,43929,225283,3689,35995,11,2349,295599,40336,35405,43156,7683,98653
05/07/20,159679,1577004,62142,8658,2435,2303,671,4827,341,297835,17672,73,220,720,11,13822,969,313,375,15491,50548,21,1183,2519,1082,28167,31,8895,45106,228474,4250,36983,11,2385,299080,41830,35719,43569,7687,99183
06/07/20,162417,1603055,63749,8658,2468,2330,671,4879,341,300788,17814,75,220,781,11,14215,987,313,412,15784,50621,21,1183,2519,1093,28711,31,8895,46178,231818,4458,38149,11,2427,302718,41830,35950,43897,7916,99799
07/07/20,165618,1623284,64958,8668,2491,2331,671,4879,342,308574,17906,75,220,841,11,14329,1012,316,485,15964,50657,21,1186,2519,1093,29286,31,8930,47735,234509,4786,39334,11,2456,305703,46333,36155,44129,8585,100345
08/07/20,168645,1668589,66226,8674,2501,2348,672,4879,342,316401,18141,75,220,907,11,14329,1040,316,539,15964,50694,21,1187,2846,1094,29789,31,8936,48997,237489,5092,40291,11,2502,309278,47873,36412,44416,8714,100945
09/07/20,172134,1713160,68079,8677,2517,2358,672,5024,342,323802,18471,75,227,960,11,14771,1071,318,593,16423,50746,21,1190,2846,1097,30249,31,8947,50207,240848,5567,41251,11,2554,312911,50359,36689,44859,8904,101553
10/07/20,175494,1755779,70736,8683,2553,2358,673,5087,342,330896,18666,75,227,1019,11,14949,1092,321,615,16531,50798,21,1192,2846,1097,30748,31,8954,51725,243599,5829,42216,11,2638,316448,51754,36951,45277,8904,102110
11/07/20,178443,1800827,72347,8696,2617,2404,673,5126,342,338046,18924,75,227,1077,12,15328,1111,326,668,16649,50840,21,1193,2846,1099,31323,31,8965,53614,246351,6225,43257,11,2736,319646,52914,37216,45679,9296,102630
12/07/20,181129,1839850,74018,8704,2664,2406,673,5126,342,341865,19208,76,230,1164,12,15542,1135,330,668,16719,50921,21,1194,2846,1099,31987,33,8965,54697,248872,6697,44332,11,2820,322710,54222,37521,46221,9533,103128
13/07/20,183795,1864681,75699,8718,2731,2411,673,5126,342,345041,19382,76,230,1221,12,15745,1157,331,785,16801,51022,21,1194,2846,1099,32558,33,8965,56015,251625,7038,45633,11,2948,326326,56259,37891,46512,9821,103598
14/07/20,186894,1884967,76981,8725,2762,2412,673,5355,342,353833,19439,76,243,1453,12,15936,1219,336,861,16945,51093,21,1195,2846,1099,33153,33,8981,58179,253604,7441,47173,11,2980,330123,57006,38190,46818,10010,104016
15/07/20,190057,1926824,78572,8729,2801,2423,673,5446,342,362245,19708,76,261,1522,12,16097,1268,337,864,17061,51146,22,1197,3147,1099,33616,36,8984,59568,255769,7734,48096,11,3074,333867,57545,38457,47051,10123,104533
16/07/20,193590,1966748,80094,8734,2831,2433,673,5446,343,370983,20040,76,261,1582,12,16262,1330,337,960,17177,51252,22,1198,3147,1100,34259,36,9001,61247,257914,8154,49243,11,3198,337724,58850,38780,47426,10379,104983
17/07/20,196323,2012151,81668,8737,2899,2440,673,5446,343,379162,20264,76,262,1618,12,16424,1383,339,1032,17344,51351,22,1199,3147,1102,34854,37,9011,62574,259999,8617,50373,11,3342,341586,61266,39054,47765,10574,105447
18/07/20,199357,2046328,83130,8755,2913,2467,673,5446,343,387053,20494,76,287,1618,12,16726,1402,339,1078,17445,51454,22,1200,3147,1102,35454,37,9015,64193,261917,9056,51408,15,3457,345537,63001,39407,48077,11120,105898
19/07/20,202066,2074860,84882,8764,2930,2472,674,5446,343,391397,20794,76,287,1664,12,17015,1435,341,1203,17502,51581,22,1203,3147,1104,36107,37,9015,65504,263496,9587,52261,15,3629,349500,65304,39746,48390,11453,106308
20/07/20,204525,2098389,86521,8779,2966,2475,674,5873,343,394786,20980,76,287,1771,12,17236,1491,341,1247,17658,51725,22,1204,3147,1104,36663,37,9015,66661,265083,10052,53468,17,3721,353590,67456,40104,48636,12063,106648
21/07/20,207453,2118646,88214,8800,2966,2475,675,5923,343,403830,21115,76,287,1861,12,17562,1507,341,1344,17844,51910,22,1205,3147,1105,37225,38,9028,68400,266096,10520,54426,19,3748,357681,68898,40383,48771,12461,107037
22/07/20,210510,2159654,89869,8815,3044,2477,675,5923,343,412440,21442,78,287,1920,12,17742,1536,341,1366,17944,52073,22,1205,3439,1113,37801,38,9038,69887,267428,10923,55153,27,3817,362087,70764,40782,48898,12940,107430
23/07/20,213254,2227514,91751,8831,3103,2494,677,5923,343,420716,21798,79,287,1937,12,17962,1557,343,1402,18094,52241,22,1205,3439,1122,38344,38,9053,71547,269191,11280,55906,30,4000,366550,72269,41162,49150,13038,107871
24/07/20,216110,2287475,93657,8840,3103,2494,678,6027,343,428704,22105,80,288,2261,12,18264,1582,343,1522,18241,52404,22,1206,3439,1124,38948,38,9062,72646,270400,11882,56817,31,4113,371096,74390,41580,49379,13473,108244
25/07/20,218658,2343366,95418,8861,3120,2503,680,6067,344,436653,22483,81,288,2569,12,18834,1590,346,1618,18374,52595,22,1206,3439,1124,39539,38,9085,73791,271887,12427,57993,32,4224,375961,76444,42038,49692,13967,108638
26/07/20,221178,2394513,97286,8884,3252,2503,684,6067,344,440766,22828,81,288,2569,13,19645,1616,349,1687,18483,52732,22,1206,3439,1124,39977,40,9085,74858,273113,12809,58864,39,4328,379884,78412,42622,49955,14540,109036
27/07/20,223453,2419091,98778,8897,3302,2510,698,6171,344,443731,23034,81,288,2569,13,20278,1669,350,1775,18613,52946,22,1206,3439,1132,40532,40,9085,76005,274289,13129,60296,62,4444,384797,80448,43065,50164,15143,109305
28/07/20,226225,2442375,100303,8904,3369,2513,699,6171,344,452144,23154,81,289,2893,13,20887,1701,350,1843,18752,53151,22,1207,3439,1132,41180,40,9117,77058,275225,13457,61442,62,4548,389717,82040,43402,50299,15441,109597
29/07/20,229185,2483191,102051,8943,3506,2520,705,6171,344,460254,23521,82,291,2949,13,21387,1720,351,1917,19063,53374,22,1209,3672,1132,41804,40,9132,77904,276288,13938,62223,63,4674,395005,83673,43904,50410,15840,109880
30/07/20,232194,2552265,104432,8956,3567,2521,718,6249,344,467871,23947,84,291,3016,13,22213,1748,353,1986,19273,53621,22,1210,3672,1134,42208,42,9150,78569,277402,14458,63269,63,4866,400683,85486,44416,50613,16061,110153
31/07/20,234889,2610102,106336,8964,3719,2522,727,6270,344,475395,23947,84,291,3073,13,23259,1808,353,2052,19547,53963,22,1210,3672,1134,42689,42,9172,79159,278305,14838,64191,72,5207,407492,89374,45031,50868,16572,110460
01/08/20,237661,2662485,108376,8976,3793,2535,736,6295,344,482055,24733,84,291,3112,13,24322,1864,353,2129,19771,54301,22,1212,3672,1134,43151,42,9208,79159,278305,15232,65256,72,5338,414735,93354,45688,51072,16781,110695
02/08/20,239860,2707877,109936,8985,3949,2535,754,6310,344,485776,25113,84,293,3198,13,25015,1907,353,2224,20086,54732,22,1215,3672,1136,43537,45,9208,79159,278305,15555,66383,91,5485,422183,98232,46346,51310,17872,110911
03/08/20,240746,2733677,111455,8999,4164,2541,769,6310,344,488250,25362,84,293,3258,13,25537,1946,353,2294,20332,55043,22,1217,3672,1147,43841,46,9208,79159,280029,15780,67453,110,5644,428850,103185,46894,51463,18411,111107
04/08/20,242102,2750318,113134,9001,4293,2543,783,6323,344,495680,25482,85,293,3301,13,26196,1973,355,2406,20750,55415,22,1217,3672,1152,44129,46,9268,79159,280461,16024,68456,111,5724,433100,106330,47469,51569,18791,111322
05/08/20,244020,2801921,115056,9002,4446,2543,799,6382,344,502966,25814,87,293,3361,13,27217,2029,356,2470,21009,55955,22,1219,3902,1152,44433,46,9333,79159,281136,16628,69424,114,5852,439890,112593,48149,51681,19324,111538
06/08/20,246674,2859073,116871,9023,4594,2546,820,6382,344,510037,26222,90,293,3411,13,28500,2079,357,2540,21390,56381,22,1219,3902,1152,44890,46,9362,80286,281863,16981,70231,153,6060,447624,115980,48789,51848,19651,111805
07/08/20,249651,2912212,118753,9038,4680,2552,839,6382,344,516654,26628,91,293,3480,13,29644,2120,359,2652,21750,56982,22,1219,3902,1153,45244,47,9409,80713,282645,17434,71418,163,6375,455409,119460,49515,52061,19934,112092
08/08/20,252502,2962442,121226,9063,4769,2561,889,6382,344,523193,26990,93,293,3549,13,30662,2213,359,2802,22214,57501,23,1219,3902,1153,45687,47,9468,81067,283487,17948,72560,188,6508,463875,122754,50324,52351,20686,112383
09/08/20,255113,3012412,123503,9070,4898,2565,929,6498,344,526809,27443,94,293,3588,13,32007,2241,359,2802,22592,57987,23,1219,3902,1157,46140,48,9468,81357,284121,18374,73651,188,6705,471012,126885,51167,52537,21424,112650
10/08/20,257600,3035422,125396,9083,5041,2567,983,6498,344,529186,27660,94,293,3618,13,33237,2269,360,2949,22972,58564,23,1219,3902,1158,46577,48,9468,81580,284660,18651,74492,214,6907,478024,129913,51791,52668,22121,112947
11/08/20,260507,3057470,127083,9094,5157,2573,1006,6498,344,536272,27841,94,293,3696,13,34063,2411,360,3101,23310,59139,23,1220,3902,1158,46867,49,9638,81787,285191,19121,75394,214,7234,483133,136638,52410,52825,22818,113262
12/08/20,263503,3109630,128776,9103,5223,2577,1035,6550,344,543055,28223,95,293,3748,13,35195,2481,360,3229,23948,59918,23,1220,4115,1158,47290,49,9684,82050,285921,19594,76464,214,7519,489680,139538,52961,52945,23403,113646
13/08/20,266498,3164785,130718,9114,5366,2582,1084,6598,344,549361,28697,97,297,3813,13,36694,2559,361,3406,24432,60572,23,1238,4115,1161,47743,49,9750,82299,286674,20093,77377,269,8018,498555,143749,53676,53223,24074,113938
14/08/20,269115,3224876,132816,9129,5494,2597,1139,6622,344,555610,29087,99,297,3857,13,37935,2638,369,3544,24957,61149,23,1251,4115,1161,48116,49,9783,82531,287300,20525,78446,271,8389,507996,147526,54487,53548,24446,114281
15/08/20,271881,3275520,135123,9149,5572,2597,1170,6622,344,561659,29483,99,298,3930,13,39241,2708,374,3726,25551,61785,23,1258,4115,1165,48445,50,9850,82743,288047,21056,79402,271,9077,516296,153660,55319,53783,25128,114532
16/08/20,274525,3317096,137468,9175,5679,2614,1242,6622,344,564803,29905,99,298,3960,13,41017,2791,374,3907,26019,62437,23,1271,4115,1165,48770,50,9850,82924,288717,21554,80665,271,9381,525803,157918,56090,53981,25695,114809
17/08/20,276549,3340197,139549,9200,5785,2614,1305,6701,346,567066,30183,99,298,4035,13,42489,2855,375,4154,26660,62943,23,1280,4115,1167,49068,50,9850,83086,289215,21935,81940,323,9791,535946,161253,56684,54102,26006,115080
18/08/20,279144,3359570,141370,9212,5909,2640,1373,6701,346,573775,30377,100,298,4085,13,43558,2914,376,4344,27241,63424,23,1293,4115,1167,49485,54,10004,83226,289832,22391,82543,333,10135,541493,164474,57279,54234,26760,115368
19/08/20,282344,3407354,143043,9219,6079,2666,1422,6789,346,580336,30789,100,298,4132,13,43558,2914,379,4464,28257,63911,23,1299,4311,1167,49895,54,10060,83418,289832,23003,82790,347,10606,549321,169213,57876,54448,27713,115661
20/08/20,285091,3456652,144945,9235,6225,2667,1469,6829,346,586484,31415,100,298,4174,13,46313,3045,396,4665,28938,64463,23,1304,4311,1167,50488,54,10111,83606,290958,23427,83754,359,11133,558420,173774,58611,54701,27934,115956
21/08/20,287959,3501975,147211,9240,6370,2667,1509,6829,346,592323,31937,102,298,4229,13,47638,3115,409,4912,29645,64992,23,1315,4311,1169,50964,54,10162,83769,291588,23941,83855,361,11817,567059,178022,59378,54992,28143,116224
22/08/20,290360,3532330,149408,9249,6564,2688,1545,6885,346,598441,32484,106,298,4277,13,49247,3195,435,5227,30483,65526,23,1321,4311,1172,51304,54,10197,83769,292174,24398,84392,361,12536,576067,182365,60281,55211,28849,116481
23/08/20,292625,3582362,151498,9257,6660,2699,1576,6885,346,601469,33072,108,298,4311,13,50812,3304,444,5538,31117,66034,23,1324,4311,1172,51905,54,10197,83769,292765,24707,85480,361,12974,585236,187249,61181,55452,29577,116765
24/08/20,294598,3605783,153535,9267,6779,2705,1611,6885,346,603739,33478,111,298,4343,13,50812,3395,463,5854,31935,66490,23,1332,4311,1172,52227,54,10197,83769,292765,25024,86900,401,13233,594326,189601,61762,55597,29896,117008
25/08/20,297083,3622861,155412,9274,6912,2708,1668,6905,346,610590,33828,115,298,4378,13,53252,3440,474,6030,32678,67062,23,1339,4311,1172,52548,54,10323,84509,293711,25588,87485,401,13602,600438,194252,62310,55720,30618,117266
26/08/20,299628,3669995,157859,9285,7047,2713,1706,6928,346,616993,34358,121,300,4444,13,54528,3508,504,6160,33533,67476,23,1344,4494,1173,52800,54,10395,84652,294193,26162,88381,419,14228,607382,197164,63073,55912,30720,117498
27/08/20,302147,3717156,160165,9291,7225,2717,1752,6960,346,623847,34982,122,301,4499,13,55864,3590,586,6431,34418,68046,23,1351,4494,1173,53021,54,10454,84818,294638,26764,89082,419,14872,613378,202361,63802,56274,30744,117742
28/08/20,304583,3761391,162884,9296,7329,2730,1789,6977,346,630095,35546,125,301,4558,13,57085,3651,628,6712,35529,68556,23,1363,4494,1173,53317,54,10505,85005,295053,27386,89982,424,15290,621997,205581,64689,56673,31383,117988
29/08/20,306794,3804803,165887,9306,7469,2736,1821,6977,346,636301,35904,125,301,4663,13,58489,3697,656,6906,36456,69063,23,1376,4494,1175,53477,56,10543,85005,295372,28110,90624,453,15874,629961,209544,65480,57074,31988,118196
30/08/20,308925,3846153,169195,9317,7578,2757,1849,7012,346,639318,36404,130,301,4727,13,60056,3760,749,7116,37340,69563,23,1378,4494,1175,53727,56,10543,85005,295636,28527,91337,459,16474,639435,213131,66239,57448,32550,118407
31/08/20,310822,3862311,172053,9334,7667,2773,1864,7022,346,641442,36700,131,301,4790,13,61399,3821,787,7365,38561,70071,23,1387,4494,1176,53865,56,10543,85544,295849,29063,92065,459,17195,647166,217396,66870,57768,32848,118575
01/09/20,312996,3908272,174796,9340,7808,2776,1885,7048,356,648171,36920,138,304,4835,13,62590,3916,887,7550,39460,70596,23,1401,4494,1176,54008,56,10644,85722,296149,29869,92982,459,17662,652037,220819,67372,58012,33199,118778
02/09/20,314946,3950931,177571,9354,8003,2777,1911,7075,356,655107,37208,140,306,4917,13,63781,4039,938,7692,40529,71057,23,1406,4668,1176,54247,57,10783,85928,296590,30490,93552,460,18338,657129,224264,67922,58243,33421,118994
03/09/20,317528,3997865,180646,9360,8140,2802,1932,7089,356,661865,37740,142,306,5019,13,65453,4117,1058,7844,41649,71971,23,1408,4668,1177,54463,57,10871,85928,297014,31333,94084,471,19138,663437,226440,68517,58633,34003,119206
04/09/20,319686,4041638,184268,9374,8281,2807,1966,7106,356,668013,38372,143,306,5165,13,65855,4207,1133,8082,42877,72392,26,1413,4668,1177,54587,57,11035,86380,297512,32088,94914,471,19959,670145,228403,69129,59051,34198,119420
05/09/20,321615,4092832,187537,9374,8361,2814,1985,7126,356,673906,38906,147,306,5275,13,65855,4265,1216,8323,44236,73136,26,1413,4668,1177,54743,57,11120,86380,298025,32817,95596,471,20654,676848,228403,69820,59457,34241,119637
06/09/20,323565,4123000,190665,9391,8486,2833,2015,7134,356,676655,39473,147,310,5422,13,70160,4341,1319,8514,45277,73790,26,1421,4668,1177,54905,58,11120,86380,298509,33409,96305,488,21871,683702,234570,70387,59943,34492,119864
07/09/20,325157,4137521,194109,9397,8584,2842,2040,7134,356,678635,39797,148,310,5553,13,72394,4444,1464,8685,46257,74715,26,1425,4668,1177,55005,58,11120,87072,298903,34012,97043,497,22486,689977,237365,70824,60258,34533,120095
08/09/20,327359,4147794,196989,9459,8667,2870,2077,7142,356,684823,40055,153,310,5659,13,73780,4557,1610,8810,47236,75512,26,1431,4668,1178,55160,59,11387,87328,299233,34801,97578,497,23353,691575,238727,71126,60507,35375,120348
09/09/20,329251,4162073,200035,9559,8741,2882,2100,7149,356,691226,40556,156,310,5875,13,75721,4647,1807,8928,48138,76475,26,1437,4818,1178,55456,59,11519,87590,299659,35518,98407,503,24214,696190,241987,71526,60895,35504,120579
10/09/20,331078,4197889,203342,9583,8834,2898,2163,7164,356,697108,41144,161,310,6094,13,77878,4764,2009,9108,49219,77615,26,1441,4818,1178,55632,59,11624,87939,299855,36214,99042,504,25026,702776,245143,71947,61541,35507,120846
11/09/20,332970,4238446,207203,9628,8900,2909,2205,7202,356,702590,41704,165,311,6222,13,79767,4832,2265,9256,50465,78438,26,1442,4818,1178,55829,59,11746,88337,300371,37214,99715,507,25631,710067,248947,72453,62126,36279,121052
12/09/20,334762,4282164,210940,9810,8990,2912,2248,7222,356,707898,42183,168,311,6385,13,82197,4918,2445,9437,51919,79706,26,1444,4818,1178,56017,59,11866,88337,300955,37866,100330,507,26512,716670,252964,73047,62813,36581,121287
13/09/20,336044,4315687,214757,9868,9052,2916,2275,7266,356,710567,42714,169,311,6530,13,84435,5040,2796,9604,53120,80937,26,1446,4818,1178,56177,60,11866,88337,301481,38516,101041,510,27324,722832,257863,73650,63310,37092,121523
14/09/20,337520,4330455,218382,9915,9173,2924,2353,7276,361,712370,42978,171,311,6712,13,86686,5269,3015,9719,54159,82023,26,1447,4818,1180,56256,60,11866,89746,302020,39510,101745,511,27817,729619,261216,74152,63983,37380,121740
15/09/20,339332,4345610,221523,9946,9243,2935,2406,7295,361,718355,43207,177,311,6900,13,88203,5482,3299,9818,55329,83321,26,1450,4818,1180,56388,61,12155,90222,302424,40298,102204,511,28367,733860,265888,74529,64596,37750,121975