date,Bahamas,Bahrain,Bangladesh,Barbados,Belarus,Belgium,Belize,Benin,Bermuda,Bhutan,Bolivia,Bonaire Sint Eustatius and Saba,Bosnia and Herzegovina,Botswana,Brazil,British Virgin Islands,Brunei,Bulgaria,Burkina Faso,Burundi,Honduras,Hungary,Iceland,India,Indonesia,Namibia,Nepal,Netherlands,New Caledonia,New Zealand,Nicaragua,Niger,Nigeria,Northern Mariana Islands,Norway,Oman,Pakistan
22/01/20,,,,,,,,,,,,,,,,,,,,,,,,,,,,,,,,,,,,,
23/01/20,,,,,,,,,,,,,,,,,,,,,,,,,,,,,,,,,,,,,
24/01/20,,,,,,,,,,,,,,,,,,,,,,,,,,,,,,,,,,,,,
25/01/20,,,,,,,,,,,,,,,,,,,,,,,,,,,,,,,,,,,,,
26/01/20,,,,,,,,,,,,,,,,,,,,,,,,,,,,,,,,,,,,,
27/01/20,,,,,,,,,,,,,,,,,,,,,,,,,,,,,,,,,,,,,
28/01/20,,,,,,,,,,,,,,,,,,,,,,,,,,,,,,,,,,,,,
29/01/20,,,,,,,,,,,,,,,,,,,,,,,,,,,,,,,,,,,,,
30/01/20,,,,,,,,,,,,,,,,,,,,,,,,,,,,,,,,,,,,,
31/01/20,,,,,,,,,,,,,,,,,,,,,,,,,,,,,,,,,,,,,
01/02/20,,,,,,,,,,,,,,,,,,,,,,,,,,,,,,,,,,,,,
02/02/20,,,,,,,,,,,,,,,,,,,,,,,,,,,,,,,,,,,,,
03/02/20,,,,,,,,,,,,,,,,,,,,,,,,,,,,,,,,,,,,,
04/02/20,,,,,,,,,,,,,,,,,,,,,,,,,,,,,,,,,,,,,
05/02/20,,,,,,,,,,,,,,,,,,,,,,,,,,,,,,,,,,,,,
06/02/20,,,,,,,,,,,,,,,,,,,,,,,,,,,,,,,,,,,,,
07/02/20,,,,,,,,,,,,,,,,,,,,,,,,,,,,,,,,,,,,,
08/02/20,,,,,,,,,,,,,,,,,,,,,,,,,,,,,,,,,,,,,
09/02/20,,,,,,,,,,,,,,,,,,,,,,,,,,,,,,,,,,,,,
10/02/20,,,,,,,,,,,,,,,,,,,,,,,,,,,,,,,,,,,,,
11/02/20,,,,,,,,,,,,,,,,,,,,,,,,,,,,,,,,,,,,,
12/02/20,,,,,,,,,,,,,,,,,,,,,,,,,,,,,,,,,,,,,
13/02/20,,,,,,,,,,,,,,,,,,,,,,,,,,,,,,,,,,,,,
14/02/20,,,,,,,,,,,,,,,,,,,,,,,,,,,,,,,,,,,,,
15/02/20,,,,,,,,,,,,,,,,,,,,,,,,,,,,,,,,,,,,,
16/02/20,,,,,,,,,,,,,,,,,,,,,,,,,,,,,,,,,,,,,
17/02/20,,,,,,,,,,,,,,,,,,,,,,,,,,,,,,,,,,,,,
18/02/20,,,,,,,,,,,,,,,,,,,,,,,,,,,,,,,,,,,,,
19/02/20,,,,,,,,,,,,,,,,,,,,,,,,,,,,,,,,,,,,,
20/02/20,,,,,,,,,,,,,,,,,,,,,,,,,,,,,,,,,,,,,
21/02/20,,,,,,,,,,,,,,,,,,,,,,,,,,,,,,,,,,,,,
22/02/20,,,,,,,,,,,,,,,,,,,,,,,,,,,,,,,,,,,,,
23/02/20,,,,,,,,,,,,,,,,,,,,,,,,,,,,,,,,,,,,,
24/02/20,,,,,,,,,,,,,,,,,,,,,,,,,,,,,,,,,,,,,
25/02/20,,,,,,,,,,,,,,,,,,,,,,,,,,,,,,,,,,,,,
26/02/20,,,,,,,,,,,,,,,,,,,,,,,,,,,,,,,,,,,,,
27/02/20,,,,,,,,,,,,,,,,,,,,,,,,,,,,,,,,,,,,,
28/02/20,,,,,,,,,,,,,,,,,,,,,,,,,,,,,,,,,,,,,
29/02/20,,,,,,,,,,,,,,,,,,,,,,,,,,,,,,,,,,,,,
01/03/20,,,,,,,,,,,,,,,,,,,,,,,,,,,,,,,,,,,,,
02/03/20,,,,,,,,,,,,,,,,,,,,,,,,,,,,,,,,,,,,,
03/03/20,,,,,,,,,,,,,,,,,,,,,,,,,,,,,,,,,,,,,
04/03/20,,,,,,,,,,,,,,,,,,,,,,,,,,,,,,,,,,,,,
05/03/20,,,,,,,,,,,,,,,,,,,,,,,,,,,,,,,,,,,,,
06/03/20,,,,,,,,,,,,,,,,,,,,,,,,,,,,,,,,,,,,,
07/03/20,,,,,,,,,,,,,,,,,,,,,,,,,,,,1,,,,,,,,,
08/03/20,,,,,,,,,,,,,,,,,,,,,,,,,,,,1,,,,,,,,,
09/03/20,,,,,,,,,,,,,,,,,,,,,,,,,,,,3,,,,,,,,,
10/03/20,,,,,,,,,,,,,,,,,,,,,,,,,,,,3,,,,,,,,,
11/03/20,,,,,,1,,,,,,,,,,,,,,,,,,,,,,4,,,,,,,,,
12/03/20,,,,,,4,,,,,,,,,,,,1,,,,,,,1,,,5,,,,,,,,,
13/03/20,,,,,,5,,,,,,,,,,,,1,,,,,,1,,,,5,,,,,,,1,,
14/03/20,,,,,,8,,,,,,,,,,,,1,,,,,,2,4,,,5,,,,,,,1,,
15/03/20,,,,,,13,,,,,,,,,,,,2,,,,,,2,4,,,12,,,,,,,1,,
16/03/20,,,,,,19,,,,,,,,,,,,2,,,,1,,2,5,,,20,,,,,,,1,,
17/03/20,,1,,,,30,,,,,,,,,,,,2,,,,1,,3,5,,,24,,,,,,,3,,
18/03/20,,1,,,,40,,,,,,,,,1,,,2,,,,1,,3,5,,,43,,,,,,,3,,
19/03/20,,1,,,,62,,,,,,,,,4,,,2,1,,,1,,3,5,,,58,,,,,,,3,,
20/03/20,,1,,,,95,,,,,,,,,6,,,3,1,,,1,1,4,19,,,76,,,,,,,6,,2
21/03/20,,1,,,,130,,,,,,,,,11,,,3,1,,,4,1,4,25,,,106,,,,,,,7,,3
22/03/20,,1,2,,,170,,,,,,,1,,18,,,3,3,,,4,1,4,38,,,136,,,,,,,7,,3
23/03/20,,2,3,,,217,,,,,,,1,,25,,,3,3,,,7,1,7,48,,,179,,,,,,,7,,5
24/03/20,,2,3,,,295,,,,,,,1,,34,,,3,3,,,8,2,9,49,,,213,,,,,1,,8,,6
25/03/20,,3,4,,,371,,,,,,,2,,46,,,3,3,,,10,2,9,55,,,276,,,,1,1,,10,,7
26/03/20,,3,5,,,478,,,,,,,3,,57,,,3,3,,,10,2,13,58,,,356,,,,1,1,,12,,8
27/03/20,,4,5,,,580,,,,,,,3,,77,,,3,3,,1,10,2,17,78,,,434,,,,1,1,,14,,9
28/03/20,,4,5,,,708,,,,,,,4,,92,,,3,3,,1,11,2,19,87,,,546,,,1,1,1,,16,,9
29/03/20,,4,5,,,849,,,,,,,5,,114,,1,7,9,,2,13,2,25,102,,,639,,1,1,1,1,,20,,11
30/03/20,,4,5,,,998,,,,,3,,6,,136,,1,8,9,,3,15,2,29,114,,,771,,1,1,1,1,,22,,13
31/03/20,,4,5,,,1168,,,,,6,,8,,159,,1,8,12,,7,16,2,32,122,,,864,,1,1,3,2,,26,,18
01/04/20,,4,5,,,1376,,,,,7,,12,,201,,1,8,12,,10,20,2,35,136,,,1039,,1,1,3,2,,28,1,26
02/04/20,1,4,6,,,1608,,,,,8,,13,1,241,,1,10,14,,14,21,2,50,157,,,1173,,1,1,5,2,1,32,1,31
03/04/20,1,4,6,,4,1827,,,,,9,,17,1,299,,1,10,16,,15,26,4,56,170,,,1339,,1,1,5,2,1,42,1,31
04/04/20,3,4,6,,4,2063,,,,,10,,18,1,359,,1,14,16,,15,32,4,68,181,,,1487,,1,1,5,2,1,44,1,31
05/04/20,4,4,8,,5,2333,,,,,10,,21,1,432,,1,17,16,,22,34,4,77,191,,,1651,,1,1,5,4,1,50,2,35
06/04/20,5,4,9,1,8,2579,1,,,,11,,24,1,486,,1,20,17,,22,38,4,109,198,,,1766,,1,1,10,5,1,58,2,50
07/04/20,5,4,12,2,13,2836,1,1,2,,14,,28,1,553,,1,22,17,,22,47,6,114,209,,,1867,,1,1,10,5,1,59,2,54
08/04/20,6,5,17,3,13,3113,1,1,2,,15,,32,1,667,,1,23,19,,22,58,6,149,221,,,2101,,1,1,11,6,2,69,2,58
09/04/20,7,5,20,3,13,3434,1,1,3,,18,,35,1,800,,1,24,23,,23,66,6,166,240,,,2248,,1,1,11,6,2,80,2,63
10/04/20,8,5,21,3,16,3705,1,1,4,,19,,36,1,941,,1,24,24,,23,77,6,199,280,,,2396,,2,1,11,7,2,88,3,66
11/04/20,8,6,27,4,19,4007,2,1,4,,20,,37,1,1056,,1,25,26,,24,85,7,239,306,,,2511,,4,1,11,7,2,92,3,71
12/04/20,8,6,30,4,23,4292,2,1,4,,24,,37,1,1124,,1,28,27,,25,99,8,273,327,,,2643,,4,1,11,10,2,98,3,86
13/04/20,8,6,34,4,26,4557,2,1,4,,27,,38,1,1223,,1,29,27,,25,109,8,308,373,,,2737,,5,1,12,10,2,103,4,93
14/04/20,8,7,39,4,29,4834,2,1,4,,28,,38,1,1328,,1,32,28,,26,122,8,339,399,,,2823,,9,1,13,10,2,114,4,96
15/04/20,8,7,46,5,33,5095,2,1,5,,28,,39,1,1532,,1,35,30,1,31,134,8,377,459,,,2945,,9,1,14,11,2,127,4,107
16/04/20,8,7,50,5,36,5375,2,1,5,,29,,40,1,1736,,1,36,32,1,35,142,8,414,469,,,3134,,9,1,14,12,2,130,4,124
17/04/20,9,7,60,5,40,5621,2,1,5,,31,,41,1,1924,,1,38,32,1,41,156,8,437,496,,,3315,,11,1,15,13,2,136,4,135
18/04/20,9,7,75,5,43,5826,2,1,5,,31,,44,1,2141,,1,41,35,1,46,172,8,480,520,,,3459,,11,1,18,17,2,136,6,143
19/04/20,9,7,84,5,45,6034,2,1,5,,32,,45,1,2347,,1,41,36,1,46,189,9,507,535,,,3601,,12,1,19,19,2,148,6,159
20/04/20,9,7,91,5,47,6224,2,1,5,,33,,46,1,2462,1,1,43,36,1,46,199,9,543,582,,,3684,,12,1,20,21,2,154,7,176
21/04/20,9,7,101,5,51,6430,2,1,5,,34,,48,1,2575,1,1,43,38,1,46,213,10,590,590,,,3751,,13,2,20,22,2,154,8,192
22/04/20,9,7,110,5,55,6633,2,1,5,,37,,50,1,2741,1,1,45,38,1,46,225,10,640,616,,,3916,,14,2,20,25,2,163,8,209
23/04/20,9,7,120,6,58,6814,2,1,5,,40,,52,1,2906,1,1,49,39,1,47,225,10,681,635,,,4054,,16,2,22,28,2,169,8,209
24/04/20,11,8,127,6,60,6970,2,1,5,,43,,53,1,3313,1,1,52,41,1,47,250,10,718,647,,,4177,,17,2,24,31,2,180,9,237
25/04/20,11,8,131,6,63,7125,2,1,5,,44,,54,1,3670,1,1,54,41,1,47,262,10,775,689,,,4289,,18,3,24,32,2,191,10,253
26/04/20,11,8,140,6,67,7267,2,1,5,,46,,56,1,4016,1,1,55,41,1,59,272,10,824,720,,,4409,,18,3,27,35,2,193,10,269
27/04/20,11,8,145,6,72,7421,2,1,5,,50,,58,1,4205,1,1,56,42,1,61,280,10,872,743,,,4475,,19,3,29,40,2,193,10,281
28/04/20,11,8,152,6,75,7556,2,1,6,,53,,60,1,4543,1,1,58,42,1,61,291,10,934,765,,,4518,,19,3,29,40,2,193,10,301
29/04/20,11,8,155,6,79,7666,2,1,6,,55,,62,1,5017,1,1,58,42,1,66,300,10,1007,773,,,4566,,19,3,31,44,2,195,10,327
30/04/20,11,8,163,7,84,7773,2,2,6,,59,,64,1,5466,1,1,64,43,1,71,312,10,1074,784,,,4711,,19,4,32,51,2,202,10,346
01/05/20,11,8,168,7,89,7860,2,2,6,,62,,68,1,5901,1,1,66,43,1,75,323,10,1147,792,,,4795,,19,4,32,58,2,204,11,385
02/05/20,11,8,170,7,93,7953,2,2,6,,66,,69,1,6329,1,1,69,44,1,75,335,10,1218,800,,,4893,,20,4,33,68,2,204,11,417
03/05/20,11,8,175,7,97,8028,2,2,7,,71,,71,1,6750,1,1,72,44,1,76,340,10,1301,831,,,4987,,20,4,35,85,2,204,12,440
04/05/20,11,8,177,7,99,8122,2,2,7,,76,,76,1,7025,1,1,73,45,1,82,351,10,1373,845,,,5056,,20,5,36,87,2,208,12,462
05/05/20,11,8,182,7,103,8217,2,2,7,,82,,77,1,7321,1,1,78,46,1,82,363,10,1568,864,,,5082,,20,5,37,93,2,208,12,486
06/05/20,11,8,183,7,107,8298,2,2,7,,86,,78,1,7921,1,1,78,48,1,93,373,10,1694,872,,,5168,,21,5,38,98,2,209,12,526
07/05/20,11,8,186,7,112,8374,2,2,7,,91,,84,1,8536,1,1,84,48,1,99,383,10,1783,895,,,5204,,21,5,38,103,2,209,13,564
08/05/20,11,8,199,7,116,8445,2,2,7,,102,,90,1,9146,1,1,84,48,1,105,392,10,1886,930,,,5288,,21,5,42,107,2,209,14,594
09/05/20,11,8,206,7,121,8519,2,2,7,,106,,98,1,9897,1,1,88,48,1,107,405,10,1981,943,,,5359,,21,5,44,117,2,213,15,618
10/05/20,11,8,214,7,126,8590,2,2,7,,114,,101,1,10627,1,1,90,48,1,108,413,10,2109,959,,,5422,,21,5,45,128,2,213,17,639
11/05/20,11,8,228,7,131,8662,2,2,7,,118,,107,1,11123,1,1,91,49,1,108,421,10,2206,973,,,5440,,21,5,46,143,2,217,17,667
12/05/20,11,8,239,7,135,8727,2,2,8,,122,,112,1,11519,1,1,93,50,1,116,425,10,2293,991,,,5456,,21,5,46,150,2,224,17,706
13/05/20,11,9,250,7,142,8772,2,2,8,,128,,116,1,12400,1,1,95,51,1,121,430,10,2415,1007,,,5510,,21,8,47,158,2,228,17,737
14/05/20,11,10,269,7,146,8828,2,2,8,,142,,120,1,13149,1,1,96,51,1,123,436,10,2549,1028,,,5562,,21,8,49,164,2,229,17,770
15/05/20,11,10,283,7,151,8871,2,2,9,,152,,123,1,13993,1,1,99,51,1,133,442,10,2649,1043,,,5590,,21,8,50,167,2,232,19,803
16/05/20,11,12,298,7,156,8916,2,2,9,,164,,127,1,14817,1,1,102,51,1,134,448,10,2752,1076,,,5643,,21,8,51,171,2,232,19,834
17/05/20,11,12,314,7,160,8946,2,2,9,,165,,129,1,15633,1,1,108,51,1,138,451,10,2872,1089,,1,5670,,21,8,51,176,2,232,21,873
18/05/20,11,12,328,7,165,8977,2,2,9,,169,,132,1,16118,1,1,110,51,1,142,462,10,3029,1148,,2,5680,,21,8,54,182,2,232,22,903
19/05/20,11,12,349,7,171,9014,2,2,9,,174,,132,1,16792,1,1,112,51,1,146,467,10,3163,1191,,2,5694,,21,8,55,191,2,233,26,939
20/05/20,11,12,370,7,175,9047,2,2,9,,189,,133,1,17971,1,1,116,52,1,147,470,10,3303,1221,,2,5715,,21,8,55,192,2,233,27,985
21/05/20,11,12,386,7,179,9077,2,2,9,,199,,135,1,18859,1,1,120,52,1,151,473,10,3435,1242,,2,5748,,21,8,58,200,2,234,30,1017
22/05/20,11,12,408,7,185,9111,2,3,9,,215,,139,1,20047,1,1,125,52,1,156,476,10,3583,1278,,3,5775,,21,8,60,211,2,234,31,1067
23/05/20,11,12,432,7,190,9152,2,3,9,,230,,141,1,21048,1,1,126,52,1,167,482,10,3720,1326,,3,5788,,21,17,60,221,2,235,32,1101
24/05/20,11,13,452,7,194,9177,2,3,9,,240,,141,1,22013,1,1,126,52,1,174,486,10,3867,1351,,3,5811,,21,17,61,221,2,235,36,1133
25/05/20,11,14,480,7,199,9210,2,3,9,,250,,143,1,22666,1,1,130,52,1,180,491,10,4021,1372,,3,5822,,21,17,61,226,2,235,37,1167
26/05/20,11,14,501,7,204,9236,2,3,9,,261,,145,1,23473,1,1,130,52,1,182,499,10,4167,1391,,4,5830,,21,17,62,233,2,235,37,1197
27/05/20,11,14,522,7,208,9260,2,3,9,,274,,149,1,24512,1,1,133,53,1,188,505,10,4337,1418,,4,5856,,21,35,63,249,2,235,37,1225
28/05/20,11,15,544,7,214,9284,2,3,9,,280,,150,1,25598,1,2,133,53,1,194,509,10,4531,1473,,4,5871,,22,35,64,254,2,235,38,1260
29/05/20,11,15,559,7,219,9310,2,3,9,,293,,152,1,26754,1,2,136,53,1,196,517,10,4706,1496,,5,5903,,22,35,64,259,2,236,40,1317
30/05/20,11,15,582,7,224,9326,2,3,9,,300,,152,1,27878,1,2,139,53,1,199,517,10,4971,1520,,6,5931,,22,35,64,261,2,236,40,1395
31/05/20,11,17,610,7,229,9349,2,3,9,,310,,152,1,28834,1,2,140,53,1,201,524,10,5164,1573,,6,5951,,22,35,64,273,2,236,42,1483
01/06/20,11,19,650,7,235,9371,2,3,9,,313,,152,1,29314,1,2,140,53,1,212,526,10,5394,1613,,8,5956,,22,35,64,287,2,236,47,1543
02/06/20,11,19,672,7,240,9392,2,3,9,,343,,153,1,29937,1,2,144,53,1,217,532,10,5598,1641,,8,5962,,22,35,65,299,2,236,50,1621
03/06/20,11,19,709,7,243,9415,2,3,9,,376,,156,1,31199,1,2,144,53,1,225,534,10,5815,1663,,8,5967,,22,46,65,314,2,237,59,1688
04/06/20,11,20,746,7,248,9435,2,3,9,,400,,156,1,32548,1,2,147,53,1,234,534,10,6075,1698,,9,5977,,22,46,65,315,2,237,67,1770
05/06/20,11,21,781,7,253,9449,2,3,9,,415,,158,1,34021,1,2,147,53,1,243,539,10,6348,1721,,10,5990,,22,46,65,323,2,238,67,1838
06/06/20,11,23,811,7,259,9461,2,3,9,,427,,158,1,35026,1,2,160,53,1,248,542,10,6642,1770,,11,6005,,22,46,65,333,2,238,72,1935
07/06/20,11,24,846,7,263,9472,2,4,9,,454,,158,1,35930,1,2,160,53,1,250,542,10,6929,1801,,11,6011,,22,46,65,342,2,238,72,2002
08/06/20,11,26,888,7,269,9484,2,4,9,,465,,159,1,36455,1,2,160,53,1,258,542,10,7135,1851,,13,6013,,22,46,65,354,2,238,75,2067
09/06/20,11,27,930,7,276,9493,2,4,9,,475,,159,1,37134,1,2,164,53,1,262,548,10,7466,1883,,14,6016,,22,46,65,361,2,239,81,2172
10/06/20,11,29,975,7,282,9505,2,4,9,,487,,159,1,38406,1,2,167,53,1,271,550,10,7745,1923,,15,6031,,22,46,65,365,2,239,83,2255
11/06/20,11,32,1012,7,288,9517,2,4,9,,512,,160,1,39680,1,2,167,53,1,290,551,10,8102,1959,,15,6042,,22,55,65,382,2,239,84,2356
12/06/20,11,34,1049,7,293,9524,2,4,9,,533,,160,1,40919,1,2,168,53,1,294,553,10,8498,2000,,15,6044,,22,55,65,387,2,242,89,2463
13/06/20,11,36,1095,7,298,9534,2,5,9,,559,,162,1,41828,1,2,172,53,1,306,555,10,8884,2048,,16,6053,,22,55,65,399,2,242,96,2551
14/06/20,11,39,1139,7,303,9539,2,6,9,,585,,163,1,42720,1,2,172,53,1,310,559,10,9195,2091,,18,6057,,22,55,66,407,2,242,99,2632
15/06/20,11,43,1171,7,308,9542,2,7,9,,611,,163,1,43332,1,2,174,53,1,312,563,10,9520,2134,,19,6059,,22,55,66,420,2,242,104,2729
16/06/20,11,46,1209,7,312,9550,2,9,9,,632,,164,1,43959,1,2,176,53,1,322,565,10,9900,2198,,19,6065,,22,55,66,424,2,242,108,2839
17/06/20,11,47,1262,7,318,9557,2,9,9,,659,,167,1,45241,1,3,181,53,1,330,567,10,11903,2231,,19,6070,,22,64,66,455,2,242,114,2975
18/06/20,11,49,1305,7,324,9564,2,9,9,,679,,167,1,46510,1,3,184,53,1,336,568,10,12237,2276,,20,6074,,22,64,67,469,2,243,116,3093
19/06/20,11,55,1343,7,331,9569,2,11,9,,697,,167,1,47748,1,3,190,53,1,343,568,10,12573,2339,,22,6078,,22,64,67,475,2,244,119,3229
20/06/20,11,57,1388,7,333,9573,2,11,9,,715,,168,1,48954,1,3,193,53,1,349,570,10,12948,2373,,22,6081,,22,64,67,487,2,244,125,3382
21/06/20,11,60,1425,7,343,9576,2,11,9,,740,,169,1,49976,1,3,199,53,1,358,570,10,13254,2429,,22,6089,,22,64,67,506,2,244,128,3501
22/06/20,11,63,1464,7,346,9585,2,13,9,,773,,169,1,50617,1,3,199,53,1,363,572,10,13699,2465,,23,6090,,22,64,67,518,2,244,131,3590
23/06/20,11,65,1502,7,351,9597,2,13,9,,820,,170,1,51271,1,3,207,53,1,395,573,10,14011,2500,,23,6090,,22,64,67,525,2,248,137,3695
24/06/20,11,67,1545,7,357,9601,2,13,9,,846,,171,1,52645,1,3,208,53,1,405,573,10,14476,2535,,23,6095,,22,74,67,533,2,248,140,3755
25/06/20,11,69,1582,7,362,9604,2,13,9,,876,,172,1,53830,1,3,209,53,1,417,576,10,14894,2573,,23,6097,,22,74,67,542,2,249,142,3903
26/06/20,11,71,1621,7,367,9609,2,14,9,,913,,174,1,54971,1,3,211,53,1,426,577,10,15301,2620,,26,6100,,22,74,67,549,2,249,144,3962
27/06/20,11,78,1661,7,373,9611,2,14,9,,934,,177,1,55961,1,3,215,53,1,471,578,10,15685,2683,,27,6103,,22,74,67,554,2,249,153,4035
28/06/20,11,78,1695,7,377,9619,2,14,9,,970,,179,1,57070,1,3,216,53,1,479,578,10,16095,2720,,27,6105,,22,74,67,558,2,249,159,4118
29/06/20,11,83,1738,7,383,9624,2,16,9,,1014,,182,1,57622,1,3,219,53,1,479,581,10,16475,2754,,28,6105,,22,74,67,565,2,249,163,4167
30/06/20,11,84,1783,7,387,9627,2,19,9,,1071,,183,1,58314,1,3,223,53,1,485,585,10,16893,2805,,29,6107,,22,74,67,573,2,249,169,4304
01/07/20,11,87,1847,7,392,9635,2,21,9,,1123,,185,1,59594,1,3,230,53,1,497,585,10,17400,2876,,29,6113,,22,83,67,590,2,250,176,4395
02/07/20,11,92,1888,7,398,9637,2,21,9,,1201,,187,1,60632,1,3,232,53,1,542,586,10,17834,2934,,30,6115,,22,83,67,603,2,251,185,4473
03/07/20,11,94,1926,7,405,9642,2,21,9,,1271,,188,1,61884,1,3,232,53,1,591,587,10,18213,2987,,31,6118,,22,83,68,616,2,251,188,4551
04/07/20,11,95,1968,7,412,9644,2,21,9,,1320,,190,1,63174,1,3,239,53,1,605,588,10,18655,3036,,32,6120,,22,83,68,628,2,251,193,4619
05/07/20,11,97,1997,7,418,9647,2,21,9,,1378,,190,1,64265,1,3,241,53,1,629,589,10,19268,3089,,34,6126,,22,83,68,634,2,251,203,4712
06/07/20,11,97,2052,7,423,9649,2,21,9,,1434,,193,1,64867,1,3,246,53,1,639,589,10,19693,3171,,34,6127,,22,83,68,645,2,251,213,4762
07/07/20,11,98,2096,7,429,9650,2,21,9,,1476,,196,1,65487,1,3,250,53,1,656,589,10,20160,3241,,35,6128,,22,83,68,654,2,251,218,4839
08/07/20,11,98,2151,7,436,9653,2,21,9,,1530,,206,1,66741,1,3,254,53,1,677,589,10,20642,3309,,35,6132,,22,91,68,669,2,251,224,4922
09/07/20,11,100,2197,7,443,9654,2,23,9,,1577,,207,1,67964,1,3,259,53,1,694,589,10,21129,3359,,35,6135,,22,91,68,684,2,251,233,4983
10/07/20,11,103,2238,7,449,9656,2,23,9,,1638,,213,1,69184,1,3,262,53,1,704,591,10,21604,3417,,35,6135,,22,91,68,689,2,252,236,5058
11/07/20,11,104,2275,7,454,9656,2,23,9,,1702,,215,1,70398,1,3,262,53,1,750,593,10,22123,3469,1,35,6135,,22,91,68,709,2,252,244,5123
12/07/20,11,104,2305,7,459,9658,2,26,9,,1754,,218,1,71469,1,3,262,53,1,771,595,10,22674,3535,1,38,6135,,22,91,68,724,2,252,248,5197
13/07/20,11,109,2352,7,464,9662,2,26,9,,1807,,220,1,72100,1,3,268,53,1,774,595,10,23174,3606,1,38,6135,,22,91,68,740,2,252,257,5266
14/07/20,11,109,2391,7,468,9662,2,26,9,,1866,,224,1,72833,1,3,276,53,1,789,595,10,23727,3656,1,38,6135,,22,91,68,744,2,253,259,5320
15/07/20,11,111,2424,7,474,9665,2,26,9,,1898,,225,1,74133,1,3,283,53,1,807,595,10,24309,3710,2,38,6135,,22,99,68,754,2,253,273,5386
16/07/20,11,117,2457,7,480,9670,2,26,9,,1942,,233,1,75366,1,3,289,53,1,825,595,10,24915,3797,2,39,6136,,22,99,69,760,2,253,281,5426
17/07/20,11,121,2496,7,485,9675,2,28,9,,1984,,239,1,76688,1,3,293,53,1,835,595,10,25602,3873,2,39,6136,,22,99,69,769,2,254,290,5475
18/07/20,11,124,2547,7,491,9677,2,31,9,,2049,,243,1,77851,1,3,297,53,1,857,595,10,26273,3957,2,40,6136,,22,99,69,772,2,255,298,5522
19/07/20,11,124,2581,7,495,9680,2,31,9,,2106,,245,1,78772,1,3,299,53,1,891,596,10,26816,4016,2,40,6136,,22,99,69,778,2,255,308,5568
20/07/20,11,126,2618,7,499,9681,2,31,9,,2151,,250,1,79488,1,3,300,53,1,900,596,10,27497,4143,3,40,6136,,22,99,69,789,2,255,318,5599
21/07/20,11,128,2668,7,503,9683,2,31,9,,2218,,256,1,80120,1,3,308,53,1,935,596,10,28084,4239,4,40,6136,,22,99,69,801,2,255,326,5639
22/07/20,11,129,2709,7,507,9684,2,31,9,,2273,,261,1,81487,1,3,313,53,1,988,596,10,28732,4320,7,40,6136,,22,108,69,805,2,255,337,5677
23/07/20,11,130,2751,7,513,9686,2,31,9,,2328,,267,1,82771,1,3,321,53,1,1006,596,10,29861,4459,7,42,6139,,22,108,69,813,2,255,349,5709
24/07/20,11,134,2801,7,519,9688,2,34,9,,2407,,272,1,84082,1,3,329,53,1,1011,596,10,30601,4576,7,43,6139,,22,108,69,833,2,255,355,5763
25/07/20,11,136,2836,7,519,9693,2,34,9,,2473,,274,1,85238,1,3,337,53,1,1061,596,10,31358,4665,7,44,6139,,22,108,69,845,2,255,359,5787
26/07/20,11,137,2874,7,530,9694,2,34,9,,2535,,278,1,86449,1,3,338,53,1,1098,596,10,32063,4714,7,45,6140,,22,108,69,856,2,255,371,5822
27/07/20,11,140,2928,7,534,9696,2,35,9,,2583,,283,1,87004,1,3,340,53,1,1116,596,10,32771,4781,8,45,6140,,22,108,69,858,2,255,384,5842
28/07/20,11,141,2965,7,538,9700,2,35,9,,2647,,294,2,87618,1,3,347,53,1,1166,596,10,33425,4838,8,48,6140,,22,108,69,860,2,255,393,5865
29/07/20,11,141,3000,7,543,9701,2,35,9,,2720,,297,2,88539,1,3,355,53,1,1214,596,10,34193,4901,8,49,6140,,22,116,69,868,2,255,402,5892
30/07/20,11,144,3035,7,548,9704,2,35,9,,2808,,297,2,90134,1,3,368,53,1,1259,596,10,34968,4975,9,49,6140,,22,116,69,873,2,255,412,5924
31/07/20,14,146,3083,7,553,9706,2,35,9,,2894,,328,2,91263,1,3,374,53,1,1312,596,10,35747,5058,10,52,6140,,22,116,69,878,2,255,421,5951
01/08/20,14,147,3111,7,559,9709,2,36,9,,2977,,328,2,92475,1,3,383,53,1,1337,596,10,36511,5131,10,56,6140,,22,116,69,879,2,255,421,5951
02/08/20,14,147,3132,7,563,9711,2,36,9,,3064,,335,2,93563,1,3,385,53,1,1368,597,10,37364,5193,11,56,6140,,22,116,69,883,2,255,421,5951
03/08/20,14,147,3154,7,567,9716,2,36,9,,3153,,343,2,94104,1,3,388,53,1,1377,597,10,38135,5236,11,57,6140,,22,116,69,888,2,255,421,5984
04/08/20,14,150,3184,7,571,9719,2,36,9,,3228,,347,2,94665,1,3,388,54,1,1384,597,10,38938,5302,12,57,6140,,22,116,69,896,2,256,421,5999
05/08/20,14,151,3234,7,574,9724,2,38,9,,3320,,368,2,95819,1,3,404,54,1,1400,598,10,39795,5388,12,58,6141,,22,123,69,910,2,256,421,6014
06/08/20,14,154,3267,7,577,9729,2,38,9,,3385,,374,2,97256,1,3,415,54,1,1423,599,10,40699,5452,12,60,6145,,22,123,69,927,2,256,488,6035
07/08/20,14,156,3306,7,580,9733,2,38,9,,3465,,379,2,98493,1,3,424,54,1,1446,600,10,41585,5521,15,65,6145,,22,123,69,930,2,256,492,6052
08/08/20,14,159,3333,7,583,9739,2,38,9,,3524,,394,2,99572,1,3,435,54,1,1465,602,10,42518,5593,16,70,6145,,22,123,69,936,2,256,502,6068
09/08/20,14,161,3365,7,585,9741,2,38,9,,3587,,396,2,100477,1,3,445,54,1,1476,602,10,43379,5658,16,73,6148,,22,123,69,942,2,256,509,6082
10/08/20,15,162,3399,7,587,9746,2,38,9,,3640,,402,2,101049,1,3,447,54,1,1495,602,10,44386,5723,19,75,6148,,22,123,69,945,2,256,513,6097
11/08/20,15,163,3438,7,589,9757,2,38,9,,3712,,425,2,101752,1,3,459,54,1,1506,605,10,45257,5765,19,79,6148,,22,123,69,950,2,256,521,6112
12/08/20,15,165,3471,7,592,9770,2,38,9,,3761,,447,2,103026,1,3,471,54,1,1515,605,10,46091,5824,19,83,6150,,22,128,69,956,2,256,533,6129
13/08/20,15,166,3513,7,595,9781,2,38,9,,3827,,453,2,104201,1,3,482,54,1,1533,605,10,47033,5903,22,91,6152,,22,128,69,956,2,256,539,6139
14/08/20,15,167,3557,7,599,9793,2,38,9,,3827,,458,3,105463,1,3,484,54,1,1542,607,10,48040,5968,27,95,6156,,22,128,69,966,2,257,551,6153
15/08/20,17,168,3591,7,603,9805,3,38,9,,3884,,464,3,106523,1,3,492,54,1,1548,607,10,49036,6021,31,99,6158,,22,128,69,973,2,261,557,6162
16/08/20,17,170,3625,7,607,9814,3,39,9,,4003,,469,3,107232,1,3,495,54,1,1567,607,10,49980,6071,35,102,6160,,22,128,69,974,2,261,562,6168
17/08/20,18,170,3657,7,610,9821,3,39,9,,4048,,469,3,107852,1,3,498,55,1,1575,608,10,50921,6150,35,104,6163,,22,128,69,975,2,261,572,6175
18/08/20,19,173,3694,7,613,9828,4,39,9,,4123,,475,3,108536,1,3,512,55,1,1583,609,10,51797,6207,36,107,6163,,22,128,69,977,2,261,588,6190
19/08/20,20,175,3740,7,617,9839,4,39,9,,4172,,495,3,109888,1,3,519,55,1,1593,609,10,52889,6277,37,114,6166,,22,133,69,981,2,262,597,6190
20/08/20,22,175,3781,7,622,9848,5,39,9,,4233,,507,3,111100,1,3,527,55,1,1608,609,10,53866,6346,39,120,6172,,22,133,69,985,2,262,603,6209
21/08/20,23,179,3822,7,627,9852,5,39,9,,4305,,515,3,112304,1,3,532,55,1,1619,609,10,54849,6418,41,126,6182,,22,133,69,992,2,264,609,6219
22/08/20,27,179,3861,7,632,9855,5,39,9,,4366,,520,3,113358,1,3,539,55,1,1632,611,10,55794,6500,42,137,6186,,22,133,69,996,2,264,609,6231
23/08/20,29,183,3907,7,637,9860,6,39,9,,4442,,520,3,114250,1,3,545,55,1,1643,611,10,56706,6594,46,146,6191,,22,133,69,997,2,264,609,6235
24/08/20,29,184,3941,7,642,9863,6,39,9,,4509,,529,3,114744,1,3,545,55,1,1654,613,10,57542,6680,52,149,6191,,22,133,69,1002,2,264,609,6235
25/08/20,40,184,3983,7,646,9868,10,39,9,,4578,,540,3,115309,1,3,563,55,1,1683,613,10,58390,6759,56,157,6193,,22,133,69,1004,2,264,637,6255
26/08/20,40,186,4028,7,652,9873,10,39,9,,4664,,554,3,116580,1,3,572,55,1,1683,614,10,59449,6858,57,164,6198,,22,137,69,1007,2,264,642,6267
27/08/20,40,186,4082,7,657,9877,11,40,9,,4726,,571,6,117665,1,3,586,55,1,1747,614,10,60472,6944,59,175,6206,,22,137,69,1010,2,264,646,6274
28/08/20,40,188,4127,7,662,9880,12,40,9,,4791,,582,6,118649,1,3,594,55,1,1803,614,10,61529,7064,60,183,6209,,22,137,69,1011,2,264,650,6283
29/08/20,40,189,4174,7,667,9884,12,40,9,,4846,,585,6,119504,1,3,603,55,1,1827,614,10,62550,7169,65,195,6211,,22,137,69,1011,2,264,650,6284
30/08/20,43,189,4206,7,671,9890,13,40,9,,4938,,588,6,120462,1,3,605,55,1,1842,614,10,63498,7261,69,207,6215,,22,137,69,1011,2,264,650,6288
31/08/20,43,189,4248,7,676,9891,13,40,9,,4966,,592,6,120828,1,3,613,55,1,1858,614,10,64469,7343,72,221,6215,,22,137,69,1013,2,264,677,6294
01/09/20,44,190,4281,7,681,9894,13,40,9,,5027,,609,6,121381,1,3,629,55,1,1873,615,10,65228,7417,75,228,6215,,22,137,69,1013,2,264,685,6298
02/09/20,46,190,4316,7,686,9897,13,40,9,,5101,,620,6,122596,1,3,629,55,1,1888,616,10,66333,7505,81,239,6221,,22,141,69,1023,2,264,689,6318
03/09/20,47,190,4351,7,691,9899,13,40,9,,5203,,627,6,123780,1,3,642,55,1,1924,619,10,67376,7616,82,251,6226,,22,141,69,1027,2,264,689,6328
04/09/20,50,190,4383,7,696,9903,13,40,9,,5203,,636,6,124614,1,3,648,55,1,1954,620,10,68472,7750,86,257,6226,,22,141,69,1048,2,264,705,6335
05/09/20,50,194,4412,7,701,9905,15,40,9,,5343,,639,8,125521,1,3,658,55,1,1984,621,10,69561,7832,86,271,6228,,22,141,69,1051,2,264,705,6340
06/09/20,55,196,4447,7,705,9906,15,40,9,,5398,,639,8,126203,1,3,665,55,1,2006,624,10,70626,7940,87,280,6232,,24,141,69,1054,2,264,705,6342
07/09/20,58,198,4449,7,711,9908,15,40,9,,7008,,639,8,126650,1,3,671,55,1,2007,624,10,71642,8025,89,289,6234,,24,141,69,1057,2,264,728,6345
08/09/20,59,200,4516,7,716,9912,16,40,9,,7054,,664,9,126960,1,3,677,56,1,2023,625,10,72775,8130,91,300,6234,,24,141,69,1061,2,264,734,6350
09/09/20,63,202,4552,7,721,9915,16,40,9,,7097,,669,9,127464,1,3,692,56,1,2034,626,10,73890,8230,91,306,6235,,24,144,69,1067,2,264,742,6359
10/09/20,63,203,4593,7,726,9917,18,40,9,,7146,,675,9,128539,1,3,702,56,1,2044,628,10,75062,8336,93,312,6237,,24,144,69,1070,2,264,751,6365
11/09/20,63,204,4634,7,732,9920,19,40,9,,7193,,680,10,129522,1,3,706,56,1,2049,630,10,76271,8456,96,317,6240,,24,144,69,1075,2,265,762,6370
12/09/20,65,208,4668,7,738,9925,19,40,9,,7250,,686,10,130396,1,3,713,56,1,2058,631,10,77472,8544,98,322,6243,,24,144,69,1076,2,265,762,6373
13/09/20,67,210,4702,7,744,9926,19,40,9,,7297,,686,10,131210,1,3,717,56,1,2065,633,10,78586,8650,98,336,6244,,24,144,69,1078,2,265,762,6379
14/09/20,67,212,4733,7,750,9927,19,40,9,,7344,,689,10,131625,1,3,720,56,1,2079,637,10,79722,8723,101,345,6245,,24,144,69,1082,2,265,780,6383
15/09/20,68,213,4759,7,756,9931,19,40,9,,7394,1,698,11,132006,1,3,730,56,1,2087,642,10,80776,8841,103,360,6247,,24,144,69,1083,2,265,790,6389